id,tweetText,tweetURL,type,tweetAuthor,handle,replyCount,quoteCount,retweetCount,likeCount,views,bookmarkCount,createdAt,allMediaURL,videoURL,profilePicture
2029491589102338403,"1/ Today we’re excited to announce our $9.5M seed round, led by Yuri Sagalov (
@yuris
) of General Catalyst alongside Paul Graham (
@paulg
),
@ycombinator
, and a group of incredible partners and angels.",https://x.com/QFEX/status/2029491589102338403,tweet,QFEX,@qfex,100,0,85,538,187637,147,2026-03-05 13:07:55,https://pbs.twimg.com/media/HCowsxTW8AA3-cF,,https://pbs.twimg.com/profile_images/1965030928901648384/INeqqDDl_x96.jpg
2072655750355185920,"chat, what are we buying?",https://x.com/QFEX/status/2072655750355185920,tweet,QFEX,@qfex,12,0,1,16,821,1,2026-07-02 15:46:53,https://pbs.twimg.com/amplify_video_thumb/2072655696609382400/img/TatieVDbOWQ270Zz.jpg | blob:https://x.com/27f641c0-7b4b-42fc-854e-7b4e76bd37d6,blob:https://x.com/27f641c0-7b4b-42fc-854e-7b4e76bd37d6,https://pbs.twimg.com/profile_images/1965030928901648384/INeqqDDl_x96.jpg
2072315315409633475,"New Listing Alert
We're
$PLUG
ged in.
Trade with 10× leverage, 24/7/365 and No KYC",https://x.com/QFEX/status/2072315315409633475,tweet,QFEX,@qfex,0,0,4,11,1080,2,2026-07-01 17:14:07,https://pbs.twimg.com/media/HMJVk0EWMAE8a5Q,,https://pbs.twimg.com/profile_images/1965030928901648384/INeqqDDl_x96.jpg
2071972441182654576,"Now imagine this with 10x leverage
http://
qfex.com/trade/OUST-USD",https://x.com/QFEX/status/2071972441182654576,tweet,QFEX,@qfex,2,0,3,11,924,1,2026-06-30 18:31:40,,,https://pbs.twimg.com/profile_images/1965030928901648384/INeqqDDl_x96.jpg
2071934293803241532,"New Markets Now Live on QFEX!
$OUST
– Ouster Inc.
$SHAZ
– SharonAI Holdings Inc.
$ALAB
– Astera Labs, Inc.
Trade them 24/7/365 with up to 10× leverage.",https://x.com/QFEX/status/2071934293803241532,tweet,QFEX,@qfex,1,0,3,12,1473,3,2026-06-30 16:00:04,blob:https://x.com/c96b8876-b647-43f3-a1a4-85868e10b4ee,blob:https://x.com/c96b8876-b647-43f3-a1a4-85868e10b4ee,https://pbs.twimg.com/profile_images/1965030928901648384/INeqqDDl_x96.jpg
2071693046060667320,"$CCXI
is now live. 10x leverage, 24/7 and no KYC",https://x.com/QFEX/status/2071693046060667320,tweet,QFEX,@qfex,1,0,1,10,901,2,2026-06-30 00:01:27,https://pbs.twimg.com/media/HMAGuzZWAAAWQ8X,,https://pbs.twimg.com/profile_images/1965030928901648384/INeqqDDl_x96.jpg
2071677816790237655,"$FCEL
is now live. 10x leverage, 24/7 and no KYC",https://x.com/QFEX/status/2071677816790237655,tweet,QFEX,@qfex,3,0,1,10,1123,5,2026-06-29 23:00:56,https://pbs.twimg.com/media/HMAGhR-WwAAa0KB,,https://pbs.twimg.com/profile_images/1965030928901648384/INeqqDDl_x96.jpg
2071662635213336774,"$BRK.B
is now live. 10x leverage, 24/7 and no KYC",https://x.com/QFEX/status/2071662635213336774,tweet,QFEX,@qfex,1,0,4,16,1294,3,2026-06-29 22:00:36,https://pbs.twimg.com/media/HMAGJ-ZXsAA0zAc,,https://pbs.twimg.com/profile_images/1965030928901648384/INeqqDDl_x96.jpg
2071654611325173772,"You know where to trade
http://
qfex.com/trade/MSTR-USD",https://x.com/QFEX/status/2071654611325173772,tweet,QFEX,@qfex,0,0,1,7,660,3,2026-06-29 21:28:43,,,https://pbs.twimg.com/profile_images/1965030928901648384/INeqqDDl_x96.jpg
2071386698249089369,The fate of my entire fucking pnl depends on this man,https://x.com/RJCcapital/status/2071386698249089369,retweet,RJC,@rjccapital,7,0,3,96,12330,7,2026-06-29 03:44:08,,,https://pbs.twimg.com/profile_images/2069655870175125504/etKan-DU_x96.jpg
2070529737278083522,"New listing alert
$LRCX
- Lam Research Corp
$CRDO
- Credo Technology Group Holding Ltd
$SUIG
- SUI Group Holdings Ltd
Different lanes. Same theme: tech momentum.
Which one are you watching closest?",https://x.com/QFEX/status/2070529737278083522,tweet,QFEX,@qfex,2,0,2,11,1815,3,2026-06-26 18:58:52,blob:https://x.com/9c8c9e66-b012-4750-b9c1-b9f393ab66f2,blob:https://x.com/9c8c9e66-b012-4750-b9c1-b9f393ab66f2,https://pbs.twimg.com/profile_images/1965030928901648384/INeqqDDl_x96.jpg
2070566027679641723,"WANTED: stock trading degens with a penchant for graphical design.
We are looking to hire creators who trade and follow the news to help us create informative news flow. You’ll work directly with me and our growth team to learn about how corporate news and current affairs affect equities, and also create impactful graphics to go with the story.
We are looking for creators with taste - this is NOT a job that can be automated.
Work as little or as much as you want - payment is per post + a bonus if we actually post it. DM me for more info.",https://x.com/annanay/status/2070566027679641723,retweet,ak0,@annanay,2,0,2,25,4095,10,2026-06-26 21:23:04,,,https://pbs.twimg.com/profile_images/1473414567531274252/LBU9RDLG_x96.jpg
2070498158807826666,"QFEX is temporarily invite only
We want to build QFEX through traders. Starting today, every new account requires an invitation code from an existing community member.
Active traders earn invitation codes by trading and by bringing others into the ecosystem.",https://x.com/QFEX/status/2070498158807826666,tweet,QFEX,@qfex,2,0,6,25,2980,3,2026-06-26 16:53:23,,,https://pbs.twimg.com/profile_images/1965030928901648384/INeqqDDl_x96.jpg
2070238210437894333,"Time to go 10x leverage America anon?
http://
qfex.com/trade/TE-USD",https://x.com/QFEX/status/2070238210437894333,tweet,QFEX,@qfex,2,0,0,19,2536,6,2026-06-25 23:40:27,,,
2069865228976758796,"Fresh listings just dropped on QFEX
$BMNR
— Bitmine Immersion Technologies Inc.
$MSTR
— Strategy Inc. Class A
$CHYM
— Chime Financial, Inc.
$BFLY
— Butterfly Network, Inc.
24/7 , 10 leverage and no KYC",https://x.com/QFEX/status/2069865228976758796,tweet,QFEX,@qfex,0,0,3,10,1488,2,2026-06-24 22:58:21,https://pbs.twimg.com/amplify_video_thumb/2069864701618462720/img/OXWvc35Cr5ZwlQmi.jpg | blob:https://x.com/242f4478-6747-4024-acf3-16c5fab6e753,blob:https://x.com/242f4478-6747-4024-acf3-16c5fab6e753,https://pbs.twimg.com/profile_images/1965030928901648384/INeqqDDl_x96.jpg
2069812416305578419,If this is your dream we offer 50x,https://x.com/QFEX/status/2069812416305578419,tweet,QFEX,@qfex,0,0,4,18,3527,3,2026-06-24 19:28:29,https://pbs.twimg.com/amplify_video_thumb/2069462010350194688/img/BNeHpu-8HOvMIiaQ.jpg | blob:https://x.com/9360d1a3-f6a3-45ec-932b-09f71181bba3,blob:https://x.com/9360d1a3-f6a3-45ec-932b-09f71181bba3,https://pbs.twimg.com/profile_images/1965030928901648384/INeqqDDl_x96.jpg
2069507907818017035,"We had our major liquidity upgrade yesterday and new listings are here with improved liquidity.
24/7 trading. Up to 10x leverage. No KYC Required.
$SMCI
- Super Micro Computer, Inc.
$GLXY
– Galaxy Digital Inc.
$COIN
– Coinbase Global, Inc.
$STRC
– Strategy Inc. Preferred stock
What should we list next?",https://x.com/QFEX/status/2069507907818017035,tweet,QFEX,@qfex,3,0,3,24,12575,6,2026-06-23 23:18:29,https://pbs.twimg.com/amplify_video_thumb/2069507641429139456/img/sDmduLppsRmbj9rV.jpg | blob:https://x.com/0aeccea9-d0cb-45b6-8080-620fb444788d,blob:https://x.com/0aeccea9-d0cb-45b6-8080-620fb444788d,https://pbs.twimg.com/profile_images/1965030928901648384/INeqqDDl_x96.jpg
2069418125435515038,"JUST IN:
$AMC
ANNOUNCES 25% DISCOUNT ON ITS STOCK PRICE",https://x.com/QFEX/status/2069418125435515038,tweet,QFEX,@qfex,1,0,0,12,955,4,2026-06-23 17:21:43,https://pbs.twimg.com/media/HLgJBHkWIAAI9KB,,https://pbs.twimg.com/profile_images/1965030928901648384/INeqqDDl_x96.jpg
2069413468650807500,JUST IN: ELON MUSK LOSES A WARREN BUFFET IN NET WORTH,https://x.com/QFEX/status/2069413468650807500,tweet,QFEX,@qfex,1,0,1,11,855,3,2026-06-23 17:03:13,https://pbs.twimg.com/media/HLgIk4iawAAh-t-,,https://pbs.twimg.com/profile_images/1965030928901648384/INeqqDDl_x96.jpg
2069135274651562193,"We are entering the next stage of our growth journey. Today, we proved to our early users and market makers that we are providing unprecedented value and modernizing traditional equity markets.
As of today, orderbook liquidity on QFEX has ~2.5x’d and spreads have compressed ~5x vs the last month. We expect further institutions to onboard this week, resulting in more and deeper liquidity, as well as the opening up of new markets beyond the US, Sweden and Korea, which we already have.",https://x.com/QFEX/status/2069135274651562193,tweet,QFEX,@qfex,2,0,6,39,16613,9,2026-06-22 22:37:46,https://pbs.twimg.com/amplify_video_thumb/2069130643003314176/img/WXzpqJlADxAyXgVy.jpg | blob:https://x.com/0ae222ef-f397-424b-ae50-2eed966b8867,blob:https://x.com/0ae222ef-f397-424b-ae50-2eed966b8867,https://pbs.twimg.com/profile_images/1965030928901648384/INeqqDDl_x96.jpg
2068261275747098816,"We finally added
@QFEX
to Funding View !
You can jump in now and start your first funding arb.
We also added codes to onboard QFEX with a Fee Discount in the Exclusive Offers tab !",https://x.com/fundingviewapp/status/2068261275747098816,retweet,Funding View,@fundingviewapp,0,0,4,8,4896,1,2026-06-20 12:44:49,https://pbs.twimg.com/media/HLPwZwEboAA8cZB,,https://pbs.twimg.com/profile_images/1984526284790145024/DmHTjT3o_x96.jpg
2067590828847923279,"The Neocloud lineup is now complete on
@QFEX
New listings today:
$HUT
,
$KEEL
and
$CIFR
Trade them 24/7. 10x leverage. No KYC.
They join the rest of the Neocloud basket:
$CRWV
$IREN
$NBIS
$WYFI
$DGXX
Search → Neocloud → trade.",https://x.com/QFEX/status/2067590828847923279,tweet,QFEX,@qfex,2,0,4,17,3477,7,2026-06-18 16:20:42,https://pbs.twimg.com/amplify_video_thumb/2067590745767149568/img/VS2UlJfnQmfs7vTv.jpg | blob:https://x.com/a78db158-e381-4a2a-a141-f2db7d1a212f,blob:https://x.com/a78db158-e381-4a2a-a141-f2db7d1a212f,https://pbs.twimg.com/profile_images/1965030928901648384/INeqqDDl_x96.jpg
2067319407487951144,this is my world cup,https://x.com/QFEX/status/2067319407487951144,tweet,QFEX,@qfex,1,0,3,24,5617,4,2026-06-17 22:22:10,https://pbs.twimg.com/amplify_video_thumb/2067319295697166337/img/a4lDz8IgRZUQ-Hzd.jpg | blob:https://x.com/ca9d1f54-687e-4514-be49-5946f9efa5e0,blob:https://x.com/ca9d1f54-687e-4514-be49-5946f9efa5e0,https://pbs.twimg.com/profile_images/1965030928901648384/INeqqDDl_x96.jpg
2067238465008292098,"100 listings live on
@QFEX
.
From the first market to today’s 100th, the goal has stayed the same: make the assets people actually care about tradable 24/7, with up to 10x leverage.
Thank you to everyone trading, suggesting tickers, and building with us.
100 down. A lot more to come",https://x.com/QFEX/status/2067238465008292098,tweet,QFEX,@qfex,1,0,2,18,1011,3,2026-06-17 17:00:32,https://pbs.twimg.com/media/HLBOWf0WEAAYt4p,,https://pbs.twimg.com/profile_images/1965030928901648384/INeqqDDl_x96.jpg
2067236821751202017,"Two new additions from the Leopold Aschenbrenner Situational Awareness Fund holdings:
$WYFI
and
$TE
Trade 24/7. Up to 10x leverage. No KYC required.
They join the rest of the Leopold lineup:
$CRWV
$NBIS
$IREN
$SNDK
$BE
$MU
Search → Leopold Favorites → trade.",https://x.com/QFEX/status/2067236821751202017,tweet,QFEX,@qfex,1,0,1,9,1375,3,2026-06-17 16:54:00,https://pbs.twimg.com/amplify_video_thumb/2067236129095487488/img/3RRdfQFxVOvuyFvS.jpg | blob:https://x.com/8c4549f7-4063-4369-b9da-170543ab0b10,blob:https://x.com/8c4549f7-4063-4369-b9da-170543ab0b10,https://pbs.twimg.com/profile_images/1965030928901648384/INeqqDDl_x96.jpg
2066904636057891006,"The
@Kawzinvests
favorites just landed on
@QFEX
> New listings:
$PENG
and
$MX
> 24/7 trading. Up to 10x leverage. No KYC required.
> And they’re joining the full
@KawzInvests
Favorites:
$SNDK
$AAOI
$SKHYNIX
$MU
$MRVL
$SIVE
$ASTS
$AEHR
$BB
$CIEN
$LITE
$AXTI",https://x.com/QFEX/status/2066904636057891006,tweet,QFEX,@qfex,5,0,2,17,6152,10,2026-06-16 18:54:01,https://pbs.twimg.com/amplify_video_thumb/2066903481491902464/img/k8LuUvvdmaVRRxYA.jpg | blob:https://x.com/86a0b04e-e04b-4d9d-891f-83bd28414f47,blob:https://x.com/86a0b04e-e04b-4d9d-891f-83bd28414f47,https://pbs.twimg.com/profile_images/1965030928901648384/INeqqDDl_x96.jpg
2066904637974692318,Trade Now:,https://x.com/QFEX/status/2066904637974692318,tweet,QFEX,@qfex,0,0,0,0,610,0,2026-06-16 18:54:01,,,https://pbs.twimg.com/profile_images/1965030928901648384/INeqqDDl_x96.jpg
2066521202898698505,"We had 10x exposure to
$SPCX
since the day of listing btw",https://x.com/QFEX/status/2066521202898698505,tweet,QFEX,@qfex,1,0,0,8,1299,1,2026-06-15 17:30:23,,,https://pbs.twimg.com/profile_images/1965030928901648384/INeqqDDl_x96.jpg
2066520832306761744,"Claude, use 50x leverage and turn my $10K into $10 million. Make no mistakes.
Agentic trading available through our CLI. Works out of the box with
@claudeai
or Codex by
@OpenAI",https://x.com/QFEX/status/2066520832306761744,tweet,QFEX,@qfex,1,0,1,10,857,6,2026-06-15 17:28:55,https://pbs.twimg.com/media/HK3BvkfX0AEmyZ_,,https://pbs.twimg.com/profile_images/1965030928901648384/INeqqDDl_x96.jpg
2066520834441646313,"http://
qfex.com/trade
https://
github.com/QFEX-org/cli",https://x.com/QFEX/status/2066520834441646313,tweet,QFEX,@qfex,0,0,0,2,337,1,2026-06-15 17:28:55,,,https://pbs.twimg.com/profile_images/1965030928901648384/INeqqDDl_x96.jpg
2066520036592726486,Should we give AI portfolio managers 50x leverage?,https://x.com/QFEX/status/2066520036592726486,tweet,QFEX,@qfex,1,0,0,6,895,4,2026-06-15 17:25:45,https://pbs.twimg.com/media/HK2xhrdbgAAVLmn,,https://pbs.twimg.com/profile_images/1965030928901648384/INeqqDDl_x96.jpg
2066491562746319300,"$FLEX
is now live on
@QFEX
Flex Ltd. is a global manufacturing and supply chain company that helps design, build, and deliver products across industries including data centers, cloud infrastructure, automotive, healthcare, and industrial technology.
Now available on QFEX as a 24/7 perpetual with up to 10x leverage. No KYC required.
What should we list next? Comment below.",https://x.com/QFEX/status/2066491562746319300,tweet,QFEX,@qfex,1,0,3,13,1042,2,2026-06-15 15:32:36,https://pbs.twimg.com/media/HK2m74QXIAIeoFW,,https://pbs.twimg.com/profile_images/1965030928901648384/INeqqDDl_x96.jpg
2066487364801716708,"$SOXL
is now live on
@QFEX
SOXL is a leveraged ETF designed to provide 3x daily exposure to a basket of U.S.-listed semiconductor companies.
Now available on QFEX as a 24/7 perpetual with up to 10x leverage. No KYC Required
Learn more: @DirexionETFs",https://x.com/QFEX/status/2066487364801716708,tweet,QFEX,@qfex,1,0,2,8,873,3,2026-06-15 15:15:55,https://pbs.twimg.com/media/HK2jEZ6XQAABKJ5,,https://pbs.twimg.com/profile_images/1965030928901648384/INeqqDDl_x96.jpg
2066486000570834996,"New listings now live on
@QFEX
24/7 trading. Up to 10x leverage. No KYC Required.
$LPTH
– LightPath Technologies
$MRVL
– Marvell Technology
$SOXL
– Direxion Daily Semiconductor Bull 3X ETF
$FLEX
– Flex Ltd.
What should we list next?",https://x.com/QFEX/status/2066486000570834996,tweet,QFEX,@qfex,2,0,2,10,1701,3,2026-06-15 15:10:30,https://pbs.twimg.com/amplify_video_thumb/2066485948053864448/img/IkAtx2fcpVlEH9bj.jpg | blob:https://x.com/73245fea-fb7d-4cd4-9b19-7531433929b9,blob:https://x.com/73245fea-fb7d-4cd4-9b19-7531433929b9,https://pbs.twimg.com/profile_images/1965030928901648384/INeqqDDl_x96.jpg
2066227373008187869,"SanDisk doesn't stop. Now you don't have to either.
Trade
$SNDK
exposure 24/7 via equity perps with up to 10x leverage. No KYC required. Only on QFEX",https://x.com/QFEX/status/2066227373008187869,tweet,QFEX,@qfex,0,0,2,8,554,3,2026-06-14 22:02:49,https://pbs.twimg.com/media/HKy2La8W8AEw2KV,,https://pbs.twimg.com/profile_images/1965030928901648384/INeqqDDl_x96.jpg
2065487011725590815,QFEX is up btw,https://x.com/QFEX/status/2065487011725590815,tweet,QFEX,@qfex,0,0,3,14,3197,3,2026-06-12 21:00:53,https://pbs.twimg.com/media/HKoAeFZWgAANHMR,,https://pbs.twimg.com/profile_images/1965030928901648384/INeqqDDl_x96.jpg
2065462946319237312,"$SPCX
is now available for trading on QFEX.
Trade SpaceX exposure 24/7 with up to 10x leverage.
Trade now on
@QFEX
. No KYC Required.",https://x.com/QFEX/status/2065462946319237312,tweet,QFEX,@qfex,6,0,4,30,16662,9,2026-06-12 19:25:15,https://pbs.twimg.com/media/HKn_mTCXIAAYEga,,https://pbs.twimg.com/profile_images/1965030928901648384/INeqqDDl_x96.jpg
2065462875796152403,"Happy SpaceX IPO Day
Trade SpaceX along with other top space stocks now on
@QFEX
- 24/7 Perpetuals / 10x Leverage / No KYC
$SPCX
$PL
$RKLB
$SPCE
$ASTS
$RDW",https://x.com/QFEX/status/2065462875796152403,tweet,QFEX,@qfex,0,0,2,7,1641,1,2026-06-12 19:24:58,,,https://pbs.twimg.com/profile_images/1965030928901648384/INeqqDDl_x96.jpg
2065423333001240781,"Are you situationally aware? We are.
Leopold Aschenbrenner’s top holdings in his Situational Awareness Fund available on
@QFEX
via 24/7 Perpetuals and up to 10x Leverage.
$NBIS
$SNDK
$BE
$CRWV
$MU
$INTC",https://x.com/QFEX/status/2065423333001240781,tweet,QFEX,@qfex,2,0,3,26,3391,14,2026-06-12 16:47:50,,,https://pbs.twimg.com/profile_images/1965030928901648384/INeqqDDl_x96.jpg
2065423335417143581,"Trade now on
@QFEX
. No KYC required.",https://x.com/QFEX/status/2065423335417143581,tweet,QFEX,@qfex,0,0,0,0,576,0,2026-06-12 16:47:51,,,https://pbs.twimg.com/profile_images/1965030928901648384/INeqqDDl_x96.jpg
2065406271465914397,"Congratulations to
@CoreWeave
on being added to the Nasdaq 100.
$CRWV
is available for trading on QFEX — 24/7 perpetuals with up to 10x leverage.",https://x.com/QFEX/status/2065406271465914397,tweet,QFEX,@qfex,1,0,0,6,915,1,2026-06-12 15:40:03,,,https://pbs.twimg.com/profile_images/1965030928901648384/INeqqDDl_x96.jpg
2065406274443821114,"Trade now on
@QFEX
. No KYC required.",https://x.com/QFEX/status/2065406274443821114,tweet,QFEX,@qfex,0,0,0,1,587,0,2026-06-12 15:40:03,,,https://pbs.twimg.com/profile_images/1965030928901648384/INeqqDDl_x96.jpg
2065395159013990614,"Congratulations to
@RocketLab
on joining the Nasdaq 100.
$RKLB
is available for trading on QFEX — 24/7 perpetuals with up to 10x leverage.",https://x.com/QFEX/status/2065395159013990614,tweet,QFEX,@qfex,1,0,1,17,1354,3,2026-06-12 14:55:53,https://pbs.twimg.com/media/HKnBjGuWsAA6CpQ,,https://pbs.twimg.com/profile_images/1965030928901648384/INeqqDDl_x96.jpg
2065395162470129693,"Trade now on
@QFEX
. No KYC to get started.",https://x.com/QFEX/status/2065395162470129693,tweet,QFEX,@qfex,0,0,0,2,717,1,2026-06-12 14:55:54,,,https://pbs.twimg.com/profile_images/1965030928901648384/INeqqDDl_x96.jpg
2065391780531470808,"Congratulations to
@nebiusai
on joining the Nasdaq 100.
$NBIS
is available for trading on QFEX — 24/7 perpetuals with up to 10x leverage.",https://x.com/QFEX/status/2065391780531470808,tweet,QFEX,@qfex,1,0,2,16,1332,6,2026-06-12 14:42:28,https://pbs.twimg.com/media/HKm-BV8WwAA6VDm,,https://pbs.twimg.com/profile_images/1965030928901648384/INeqqDDl_x96.jpg
2065391783702331727,"Trade now on
@QFEX
. No KYC required.",https://x.com/QFEX/status/2065391783702331727,tweet,QFEX,@qfex,0,0,0,3,252,1,2026-06-12 14:42:29,,,https://pbs.twimg.com/profile_images/1965030928901648384/INeqqDDl_x96.jpg
2065099303450722393,"Are you bullish memory anon?
Get exposure to the leading memory stocks through
$DRAM
perpetual futures. Live now on
@QFEX
Trade 24/7. 10x Leverage. No KYC required.",https://x.com/QFEX/status/2065099303450722393,tweet,QFEX,@qfex,1,0,1,18,2024,6,2026-06-11 19:20:16,https://pbs.twimg.com/media/HKi0ubuWsAAY1lN,,https://pbs.twimg.com/profile_images/1965030928901648384/INeqqDDl_x96.jpg
2065044943983239243,"New listings now live on
@QFEX
24/7 trading. Up to 10x leverage.
$DRAM
– Roundhill Memory ETF
$IGV
– iShares Software Sector ETF
$NBR
– Nabors Industries Ltd
What should we list next?",https://x.com/QFEX/status/2065044943983239243,tweet,QFEX,@qfex,2,0,3,14,1312,4,2026-06-11 15:44:15,https://pbs.twimg.com/amplify_video_thumb/2065044871925166080/img/gpOtxc2M5Ik3R0BP.jpg | blob:https://x.com/3d024251-1c58-496f-84ae-cb8244831954,blob:https://x.com/3d024251-1c58-496f-84ae-cb8244831954,https://pbs.twimg.com/profile_images/1965030928901648384/INeqqDDl_x96.jpg
2065045074954580065,Trade now on QFEX. No KYC required.,https://x.com/QFEX/status/2065045074954580065,tweet,QFEX,@qfex,0,0,0,4,277,1,2026-06-11 15:44:47,,,https://pbs.twimg.com/profile_images/1965030928901648384/INeqqDDl_x96.jpg
2064772655094300688,"Did you buy the great
@SemiAnalysis_
dip of 2026?
> Traders on
@QFEX
took full advantage
> Trade 24/7 perpetuals. 10x leverage. Only on QFEX",https://x.com/QFEX/status/2064772655094300688,tweet,QFEX,@qfex,0,0,1,11,648,3,2026-06-10 21:42:17,,,https://pbs.twimg.com/profile_images/1965030928901648384/INeqqDDl_x96.jpg
2064768202148557018,"We have it listed. Trade it here:
https://
qfex.com/trade/BOT-USD",https://x.com/QFEX/status/2064768202148557018,tweet,QFEX,@qfex,0,0,0,8,798,0,2026-06-10 21:24:35,,,https://pbs.twimg.com/profile_images/1965030928901648384/INeqqDDl_x96.jpg
2064734260800475203,"New biotech listings now live on
@QFEX
24/7 trading. Up to 10x leverage.
$ABSI
– Absci
$ABCL
– AbCellera
$QURE
– uniQure
Biotech doesn’t sleep anymore.
What should we list next?",https://x.com/QFEX/status/2064734260800475203,tweet,QFEX,@qfex,1,0,3,15,1005,4,2026-06-10 19:09:43,blob:https://x.com/60bf84d4-be9f-4c05-a840-951e4a707659,blob:https://x.com/60bf84d4-be9f-4c05-a840-951e4a707659,https://pbs.twimg.com/profile_images/1965030928901648384/INeqqDDl_x96.jpg
2064734468896657775,Trade now on QFEX. No KYC required.,https://x.com/QFEX/status/2064734468896657775,tweet,QFEX,@qfex,0,0,0,4,194,2,2026-06-10 19:10:32,,,https://pbs.twimg.com/profile_images/1965030928901648384/INeqqDDl_x96.jpg
2064693273122242913,the only way back is to 50x,https://x.com/QFEX/status/2064693273122242913,tweet,QFEX,@qfex,0,0,0,14,646,4,2026-06-10 16:26:51,blob:https://x.com/cb98f4f8-2ca3-4051-a3c6-cd75d6045b74,blob:https://x.com/cb98f4f8-2ca3-4051-a3c6-cd75d6045b74,https://pbs.twimg.com/profile_images/1965030928901648384/INeqqDDl_x96.jpg
2064664069274026208,"ALL EYES ON ELLISON
>
$ORCL
reports earnings today
> Traders pricing in an implied move of ~13%
> Now live on
@QFEX
- 24/7 perpetuals. 10x leverage.
No expiry. No waiting for market open. Just the trade.
This is what 24/7 markets are for.",https://x.com/QFEX/status/2064664069274026208,tweet,QFEX,@qfex,1,0,5,21,50412,5,2026-06-10 14:30:48,https://pbs.twimg.com/media/HKclGBSWsAACmm0,,https://pbs.twimg.com/profile_images/1965030928901648384/INeqqDDl_x96.jpg
2064416191678968288,new anthropic mythos model is based,https://x.com/QFEX/status/2064416191678968288,tweet,QFEX,@qfex,0,0,2,20,1766,5,2026-06-09 22:05:49,https://pbs.twimg.com/media/HKZHiuMWUAAdNTO,,https://pbs.twimg.com/profile_images/1965030928901648384/INeqqDDl_x96.jpg
2064412616311681512,safe havens,https://x.com/QFEX/status/2064412616311681512,tweet,QFEX,@qfex,0,0,1,15,437,4,2026-06-09 21:51:37,https://pbs.twimg.com/media/HKZES-eWAAAuG4Q,,https://pbs.twimg.com/profile_images/1965030928901648384/INeqqDDl_x96.jpg
2064408753500262862,"$IBM
getting listed soon",https://x.com/QFEX/status/2064408753500262862,tweet,QFEX,@qfex,0,0,0,12,1314,1,2026-06-09 21:36:16,,,https://pbs.twimg.com/profile_images/1965030928901648384/INeqqDDl_x96.jpg
2064375944014451074,"New 24/7, 10x leveraged listings now live on
@QFEX
!
Trade the hottest names around the clock with amplified power:
$ORCL
– Oracle
$WOLF
– Wolfspeed
$JBL
– Jabil
$IOVA
– Iovance
What should we list next?",https://x.com/QFEX/status/2064375944014451074,tweet,QFEX,@qfex,2,0,1,20,1126,3,2026-06-09 19:25:53,https://pbs.twimg.com/amplify_video_thumb/2064375775315263488/img/nPHfsoJUOugEnxbD.jpg | blob:https://x.com/f5a9f839-77d5-4c2d-9139-5dd837ce985f,blob:https://x.com/f5a9f839-77d5-4c2d-9139-5dd837ce985f,https://pbs.twimg.com/profile_images/1965030928901648384/INeqqDDl_x96.jpg
2064373305407160466,"$JBL
perpetual futures available now on
http://
qfex.com with up to 10x leverage.",https://x.com/QFEX/status/2064373305407160466,tweet,QFEX,@qfex,0,0,1,13,728,6,2026-06-09 19:15:24,https://pbs.twimg.com/media/HKYgZYrWgAApnDP | https://pbs.twimg.com/media/HKWj8OzakAAxDRs,,https://pbs.twimg.com/profile_images/1965030928901648384/INeqqDDl_x96.jpg
2064306945863897519,gm we are so back,https://x.com/QFEX/status/2064306945863897519,tweet,QFEX,@qfex,0,0,0,17,541,2,2026-06-09 14:51:43,https://pbs.twimg.com/media/HKXkI79XkAEs5bW,,https://pbs.twimg.com/profile_images/1965030928901648384/INeqqDDl_x96.jpg
2064013147850133693,"Want to get into the Anthropic IPO?
Today, we list 3 stocks with a big stake in Anthropic:
>
$ZM
>
$CRM
>
$SKM
Along with the rest:
>
$AMZN
>
$GOOGL
>
$INTC
>
$NVDA
Trade today, 24/7, 10x leverage.",https://x.com/QFEX/status/2064013147850133693,tweet,QFEX,@qfex,3,0,3,20,2276,7,2026-06-08 19:24:16,https://pbs.twimg.com/amplify_video_thumb/2064008941395202048/img/d4kfefVKyut7yf5T.jpg | blob:https://x.com/2a1aa33a-b7cb-4aac-bce0-8deb38bb8ebd,blob:https://x.com/2a1aa33a-b7cb-4aac-bce0-8deb38bb8ebd,https://pbs.twimg.com/profile_images/1965030928901648384/INeqqDDl_x96.jpg
2062910943214907748,Happy to announce the second article in our trading series!,https://x.com/QFEX/status/2062910943214907748,tweet,QFEX,@qfex,2,0,4,28,6508,30,2026-06-05 18:24:30,,,https://pbs.twimg.com/profile_images/1965030928901648384/INeqqDDl_x96.jpg
2062882796004409653,"Done.
Our second robotics listing
$RCAT
, is now live
24/7, 10x leverage.",https://x.com/QFEX/status/2062882796004409653,tweet,QFEX,@qfex,4,0,5,19,27105,3,2026-06-05 16:32:39,https://pbs.twimg.com/amplify_video_thumb/2062882724013277184/img/PI_rXNGdHtk-RogH.jpg | blob:https://x.com/51819318-b894-48d6-b807-76c67b7a583f,blob:https://x.com/51819318-b894-48d6-b807-76c67b7a583f,https://pbs.twimg.com/profile_images/1965030928901648384/INeqqDDl_x96.jpg
2062822668177457241,Coming today (but 10x leverage).,https://x.com/QFEX/status/2062822668177457241,tweet,QFEX,@qfex,1,0,0,10,2267,1,2026-06-05 12:33:44,,,https://pbs.twimg.com/profile_images/1965030928901648384/INeqqDDl_x96.jpg
2062600812249899303,"Adding to our Compute & Memory basket with:
$QCOM
$ARM
Alongside the usual suspects:
$NVDA
$AMD
$INTC
$AXTI
$GLW
As always, 10x leverage, 24/7/365.",https://x.com/QFEX/status/2062600812249899303,tweet,QFEX,@qfex,0,0,2,12,3442,1,2026-06-04 21:52:09,,,https://pbs.twimg.com/profile_images/1965030928901648384/INeqqDDl_x96.jpg
2062230413439910133,"We're proud to restart our Research series, this time focussing on trading techniques to help our users.
Today, we release Regularization and Bagging: First Techniques in HFT Modeling",https://x.com/QFEX/status/2062230413439910133,tweet,QFEX,@qfex,0,0,8,128,40215,237,2026-06-03 21:20:19,,,https://pbs.twimg.com/profile_images/1965030928901648384/INeqqDDl_x96.jpg
2062139228541042868,"The entire
@QFEX
team is long the
@aleabitoreddit
(Serenity) favorites on their PA, so we decided to list the last one:
For the first time ever, trade the semiconductor
$AEHR
on
@QFEX
. 24/7, 10x leverage.
Alongside the rest:
$AXTI
$AAOI
$SIVE
$NBIS",https://x.com/QFEX/status/2062139228541042868,tweet,QFEX,@qfex,2,0,4,20,2763,3,2026-06-03 15:17:59,https://pbs.twimg.com/amplify_video_thumb/2062137924095762432/img/lWvDBjxkAzZEj7Ks.jpg | blob:https://x.com/0e4ea3c7-46ec-4be0-85a4-e3a69dcb44e0,blob:https://x.com/0e4ea3c7-46ec-4be0-85a4-e3a69dcb44e0,https://pbs.twimg.com/profile_images/1965030928901648384/INeqqDDl_x96.jpg
2061768673321275616,"Today, we list sector-based indices for the first time, along with a couple of highly user-requested names.
>XLF (financials)
>XLE (energy)
>CAT
>GS
24/7, 10x leverage.",https://x.com/QFEX/status/2061768673321275616,tweet,QFEX,@qfex,32,0,4,21,2925,3,2026-06-02 14:45:32,,,https://pbs.twimg.com/profile_images/1965030928901648384/INeqqDDl_x96.jpg
2060371586507579603,"Today, we deliver to our users again.
After stress testing our volatility assumptions and margin model for small caps, we are pleased to list:
$MITK
,
$RDCM
,
$ADEA
,
Once again becoming the first perps exchange to do so.",https://x.com/QFEX/status/2060371586507579603,tweet,QFEX,@qfex,3,0,3,25,6001,3,2026-05-29 18:14:00,,,https://pbs.twimg.com/profile_images/1965030928901648384/INeqqDDl_x96.jpg
2059990218531332537,"Due to massive user demand, today we start our expansion into global equities.
Trade $SIVE 24/7, up to 10x leverage today.
http://
qfex.com/trade/SIVE-KRW",https://x.com/QFEX/status/2059990218531332537,tweet,QFEX,@qfex,1,0,3,18,10145,4,2026-05-28 16:58:35,,,https://pbs.twimg.com/profile_images/1965030928901648384/INeqqDDl_x96.jpg
2059292354490544412,"New listings are up, Cybersecurity and Robotics.
$BB
$BOT
$CRWD
$PANW
10x Leverage, 24/7.",https://x.com/QFEX/status/2059292354490544412,tweet,QFEX,@qfex,2,0,4,20,2099,1,2026-05-26 18:45:31,https://pbs.twimg.com/amplify_video_thumb/2059292219278757888/img/wkvmldlXT3EEcwvj.jpg | blob:https://x.com/5f28e6ca-b6c1-47c4-967b-7888b38369a1,blob:https://x.com/5f28e6ca-b6c1-47c4-967b-7888b38369a1,https://pbs.twimg.com/profile_images/1965030928901648384/INeqqDDl_x96.jpg
2056757871354798197,"AI. Space. Energy.
$BE
$CBRS
$RDW
$ASTS
$NVTS
This time, we listed products purely based on early user demand. If you would like to see something listed, dm us or
@annanay",https://x.com/QFEX/status/2056757871354798197,tweet,QFEX,@qfex,5,0,3,30,8749,4,2026-05-19 18:54:23,https://pbs.twimg.com/amplify_video_thumb/2056755995523584000/img/uzdTwvjyuUT7V_RI.jpg | blob:https://x.com/f1374578-ff4f-4a7d-82ab-a82f9fab618f,blob:https://x.com/f1374578-ff4f-4a7d-82ab-a82f9fab618f,https://pbs.twimg.com/profile_images/1965030928901648384/INeqqDDl_x96.jpg
2055297051802431581,"A few days ago, we removed KYC for ordinary retail users.
Now they can get exposure to global equities 24/7 with just three clicks:
> Sign up
> Deposit via
@arbitrum
> Start trading",https://x.com/QFEX/status/2055297051802431581,tweet,QFEX,@qfex,19,0,6,84,18403,21,2026-05-15 18:09:37,https://pbs.twimg.com/amplify_video_thumb/2055296897506492416/img/MvyddUBls4VoX9Sk.jpg | blob:https://x.com/028a4dc8-6add-48f5-9929-cd97c83eeec9,blob:https://x.com/028a4dc8-6add-48f5-9929-cd97c83eeec9,https://pbs.twimg.com/profile_images/1965030928901648384/INeqqDDl_x96.jpg
2053814200883876182,"We are pleased to announce that our integration with
@LorisTools
is now complete.
Traders will now have the ability to access QFEX volume, OI and funding data, and compare this across the perps landscape!",https://x.com/QFEX/status/2053814200883876182,tweet,QFEX,@qfex,5,0,4,45,15589,14,2026-05-11 15:57:18,https://pbs.twimg.com/amplify_video_thumb/2053813725329494017/img/TY2-yBIAwAVTV4OM.jpg | blob:https://x.com/6bab2ba0-b912-4ba9-9207-865bb9ff201f,blob:https://x.com/6bab2ba0-b912-4ba9-9207-865bb9ff201f,https://pbs.twimg.com/profile_images/1965030928901648384/INeqqDDl_x96.jpg
2050216621650673734,"'Why don't you list crypto?'
Errr... we only list up-only assets...",https://x.com/QFEX/status/2050216621650673734,tweet,QFEX,@qfex,2,0,5,20,1604,6,2026-05-01 17:41:48,https://pbs.twimg.com/media/HHPVH6JWQAEpNd1,,https://pbs.twimg.com/profile_images/1965030928901648384/INeqqDDl_x96.jpg
2052342337037058459,"Tl;dr starting yesterday, QFEX will not require document ID verification for its ordinary retail users. QFEX users have already been notified via email and Discord.
While we are all celebrating this as a MASSIVE UX improvement, the real reasons run deeper than that.
People don't talk about compliance because it's not sexy.
Everyone has a moral duty to prevent money laundering and terrorist financing. At QFEX, we take this duty seriously.
Long run, dexes whose main business model is facilitating crime will be shut down and their exec team sent to prison. Our commitment to compliance is the reason why we are able to attract the market makers and liquidity that we do.
For years, document KYC has been the standard method of enforcing compliance policies. In the age of AI, it has become painfully obvious to us (see the below video) that the bad guys will always be one step ahead of the compliance software providers. Like most illicit businesses, the economics are just in their favour.
A couple of months ago, we began looking for alternatives.
I'm delighted to announce the integration of a new, powerful AI-based tool that, for the first time, integrates user data across browser sessions, blockchain history and trade history across QFEX and all perp dexes to build a complete user profile and enforce compliance policies.
This mogs document KYC and allows us to rest in peace knowing that our users are genuine, without knowing their passport details.
How markets should be.",https://x.com/annanay/status/2052342337037058459,retweet,ak0,@annanay,8,0,8,68,13582,36,2026-05-07 14:28:38,https://pbs.twimg.com/amplify_video_thumb/2052341816557486080/img/E8p5EM3oSnKs7Q0q.jpg | blob:https://x.com/445bbf4b-5094-469e-9f9e-1f80424809f6,blob:https://x.com/445bbf4b-5094-469e-9f9e-1f80424809f6,https://pbs.twimg.com/profile_images/1473414567531274252/LBU9RDLG_x96.jpg
2049846171137433887,"Today, we list
$IREN
and
$NBIS
to go along with
$CRWV
in our AI infrastructure collection.
The only venue in the world for perps on these symbols.
10x leverage, 24/7.
http://
qfex.com/trade",https://x.com/QFEX/status/2049846171137433887,tweet,QFEX,@qfex,0,0,3,15,5232,3,2026-04-30 17:09:46,https://pbs.twimg.com/amplify_video_thumb/2049842450647191552/img/rHR3r4qEqR2gulN7.jpg | blob:https://x.com/2817d725-94a7-45f4-b986-a1979464f855,blob:https://x.com/2817d725-94a7-45f4-b986-a1979464f855,https://pbs.twimg.com/profile_images/1965030928901648384/INeqqDDl_x96.jpg
2049166442617020424,"$100m daily volume on
@QFEX
for the first time today, led by
$SNDK
,
$CIEN
,
$AVGO
and
$AXTI
.
Reminder: you're still early.
http://
qfex.com/trade",https://x.com/annanay/status/2049166442617020424,retweet,ak0,@annanay,10,0,9,78,9190,15,2026-04-28 20:08:46,https://pbs.twimg.com/amplify_video_thumb/2049166352662061056/img/fyCt0gM9nxlgfFJ9.jpg | blob:https://x.com/28d59f48-11cb-4e75-9832-38ef68a675f2,blob:https://x.com/28d59f48-11cb-4e75-9832-38ef68a675f2,https://pbs.twimg.com/profile_images/1473414567531274252/LBU9RDLG_x96.jpg
2049071793827192968,"Personalize product discovery.
Show only what you trade on:
→ Daily volume
→ BBO
→ Price trends",https://x.com/QFEX/status/2049071793827192968,tweet,QFEX,@qfex,20,0,5,21,2193,5,2026-04-28 13:52:40,https://pbs.twimg.com/media/HG_BGyXa8AA2R-x,,https://pbs.twimg.com/profile_images/1965030928901648384/INeqqDDl_x96.jpg
2049071796528292179,"Trade now ↓
http://
qfex.com/trade
QFEX, the first 24/7 exchange only for US equities, commodities and FX.",https://x.com/QFEX/status/2049071796528292179,tweet,QFEX,@qfex,1,0,0,4,585,0,2026-04-28 13:52:40,,,https://pbs.twimg.com/profile_images/1965030928901648384/INeqqDDl_x96.jpg
2047662084217778484,"We are delighted to be the first exchange to offer perps on photonics stocks!
$AAOI
is already one of our most actively traded products, with
$AXTI
not far behind.
QFEX continues to expand the product set in which it is the primary venue for off-hours and weekend liquidity.",https://x.com/QFEX/status/2047662084217778484,tweet,QFEX,@qfex,23,0,2,25,4403,6,2026-04-24 16:30:59,https://pbs.twimg.com/media/HGrBydFWEAA5P0n | https://pbs.twimg.com/media/HGrBydEWkAAr0pF | https://pbs.twimg.com/media/HGoI6RWWAAA7Ek4,,https://pbs.twimg.com/profile_images/1965030928901648384/INeqqDDl_x96.jpg
2047284933605896238,"We are hiring an ex-HFT quant to work directly on markets- and (AI) research-related work at QFEX.
This role is perfect for those who are thinking of making the switch from quant to startups.
Your noncompete won't apply.
You'll work alongside a team of like-minded individuals on the same journey - we come from Citadel, Jump Trading, Tower Research Capital, Jane Street and Optiver, and are backed by top tier VCs including Y Combinator and General Catalyst.
Comment below if you are interested.
I will reply to every single comment, even if it is a straight no, with any kind of feedback you want.",https://x.com/annanay/status/2047284933605896238,retweet,ak0,@annanay,22,0,10,176,39914,116,2026-04-23 15:32:19,https://pbs.twimg.com/amplify_video_thumb/2047284875099590657/img/DrHFYbujbj7TaLiX.jpg | blob:https://x.com/0e1a2ff6-95ca-473a-9049-887e0a9d90b8,blob:https://x.com/0e1a2ff6-95ca-473a-9049-887e0a9d90b8,https://pbs.twimg.com/profile_images/1473414567531274252/LBU9RDLG_x96.jpg
2047243494742167693,"We are aware of certain individuals claiming to offer a tokens affiliated to QFEX. Some of these tokens are on popular aggregator sites like CoinMarketCap, and some bear the QFEX logo eg
https://
dex.coinmarketcap.com/token/bsc/0x88
0d7bd7528e23ad6c3d149aa31ffe292c6d4444/
…
QFEX has not promised, pre-sold or issued any token. Any updates regarding a token will first be posted on this account.",https://x.com/QFEX/status/2047243494742167693,tweet,QFEX,@qfex,47,0,6,21,3693,3,2026-04-23 12:47:39,,,https://pbs.twimg.com/profile_images/1965030928901648384/INeqqDDl_x96.jpg
2046937640839037200,"Quantum computing vs photonics computing
What is computing? A model that works well is
(i) represent some information in a physical system,
(ii) manipulate that system, and
(iii) read the state of the resultant system.
Computation is therefore governed by the type of physics it is using under the hood.
Classical computers use classical systems like transistors, which are governed by equations discovered centuries ago by the likes of Newton, Lagrange and Hamilton.
Quantum physics has an extra 'trick' called entanglement which enables a different type of parallelization. It's this feature which enables things like breaking RSA encryption via Shor's algorithm. But 'quantumizing' transistors into entangling qubits is tricky; useful hardware is many years away.
An exciting middle ground involves relaxing the idea of making a direct transistor analogue and using interfering systems of light waves to do computation instead ('photonics computing').
This approach is beginning to show promising speedups on important computational tasks, like the matrix multiplications which are pivotal to AI inference.
How to get exposure?
Before light can compute, it has to be generated, modulated, transmitted, routed, amplified, received and packaged. There are already a whole host of photonics companies that have specialized in this area for a long time, in other industry, and the hardware is well developed.
Today, we list them on
@QFEX
:
$LITE
(Lumentum Holdings)
$COHR
(Coherent Corp.)
$GLW
(Corning Inc.)
$CIEN
(Ciena Corp.)
$AAOI
(Applied Optoelectronics)
$AXTI
(AXT Inc.)
http://
qfex.com/trade/LITE-USD",https://x.com/annanay/status/2046937640839037200,retweet,ak0,@annanay,2,0,3,22,3441,10,2026-04-22 16:32:18,https://pbs.twimg.com/amplify_video_thumb/2046937431362940928/img/qrO9KLU3ppO6x9hS.jpg | blob:https://x.com/27af8c88-213c-419b-80d7-77291fc1ba6a,blob:https://x.com/27af8c88-213c-419b-80d7-77291fc1ba6a,https://pbs.twimg.com/profile_images/1473414567531274252/LBU9RDLG_x96.jpg
2046917520116822417,"Nice little win on this news from
@ScytherCapital
.
http://
qfex.com/trade/BABA-USD",https://x.com/QFEX/status/2046917520116822417,tweet,QFEX,@qfex,4,0,1,13,2713,1,2026-04-22 15:12:21,https://pbs.twimg.com/media/HGgcCUpXkAA4J7Q,,https://pbs.twimg.com/profile_images/1965030928901648384/INeqqDDl_x96.jpg
2046609545506496861,"Never miss a price change in your favorite products.
Your watchlist is pinned to the top of your trading terminal for instant access.",https://x.com/QFEX/status/2046609545506496861,tweet,QFEX,@qfex,9,0,4,9,1856,1,2026-04-21 18:48:34,https://pbs.twimg.com/media/HGcBol4XwAA4_V7,,https://pbs.twimg.com/profile_images/1965030928901648384/INeqqDDl_x96.jpg
2046610110403743907,"Not for you?
You can hide the pinned watchlist at any time in the component visibility settings.",https://x.com/QFEX/status/2046610110403743907,tweet,QFEX,@qfex,0,0,0,3,537,0,2026-04-21 18:50:49,https://pbs.twimg.com/media/HGcEoeaXAAAtvfB,,https://pbs.twimg.com/profile_images/1965030928901648384/INeqqDDl_x96.jpg
2046609548513824780,"Access 24/7 live markets on QFEX ↓
http://
qfex.com/trade",https://x.com/QFEX/status/2046609548513824780,tweet,QFEX,@qfex,1,0,0,2,427,0,2026-04-21 18:48:35,,,https://pbs.twimg.com/profile_images/1965030928901648384/INeqqDDl_x96.jpg
2044461751027040681,"Come for the bug bounty, stay for the liquidity.
http://
qfex.com/trade",https://x.com/QFEX/status/2044461751027040681,tweet,QFEX,@qfex,12,0,1,19,1280,1,2026-04-15 20:34:00,,,https://pbs.twimg.com/profile_images/1965030928901648384/INeqqDDl_x96.jpg
2044458671573180651,"Amazon
$AMZN
is now live.
24/7 trading. 1-10x leverage.",https://x.com/QFEX/status/2044458671573180651,tweet,QFEX,@qfex,5,0,5,19,2344,3,2026-04-15 20:21:46,https://pbs.twimg.com/media/HF9eQrYa4AA8AxC,,https://pbs.twimg.com/profile_images/1965030928901648384/INeqqDDl_x96.jpg
2044458673783615990,"If I bought
$AMZN
every time I shopped at Amazon, I'd be broke.
http://
qfex.com/trade/AMZN-USD
10x buying support for my past self",https://x.com/QFEX/status/2044458673783615990,tweet,QFEX,@qfex,0,0,0,5,603,2,2026-04-15 20:21:46,,,https://pbs.twimg.com/profile_images/1965030928901648384/INeqqDDl_x96.jpg
2044453902372729126,"Allbirds
$BIRD
is now live on QFEX.
24/7 trading. 1-10x leverage.",https://x.com/QFEX/status/2044453902372729126,tweet,QFEX,@qfex,7,0,4,14,5206,3,2026-04-15 20:02:49,https://pbs.twimg.com/media/HF9blutXsAAnTKN | https://pbs.twimg.com/media/HF8zKapXcAAN3XD,,https://pbs.twimg.com/profile_images/1965030928901648384/INeqqDDl_x96.jpg
2044453905120022887,↓,https://x.com/QFEX/status/2044453905120022887,tweet,QFEX,@qfex,0,0,0,3,446,0,2026-04-15 20:02:49,,,https://pbs.twimg.com/profile_images/1965030928901648384/INeqqDDl_x96.jpg
2044083086971777089,"Taiwanese equities have been one of the standout stories of 2026 so far, with AI demand driving strong outperformance from the island’s tech leaders and lifting the broader market backdrop.
TSMC alone is expected to deliver a fourth straight record quarterly profit and its shares are up 28% YTD.
That matters far beyond Taiwan. Strong semiconductor demand, exporter leverage, and improving regional risk appetite are giving Asian equities real momentum.
So today we’re expanding the lineup on QFEX with:
BABA
TAIEX
HSI
NIKKEI
The bulls have plenty to work with.",https://x.com/QFEX/status/2044083086971777089,tweet,QFEX,@qfex,2,0,7,56,7981,5,2026-04-14 19:29:19,https://pbs.twimg.com/media/HF4BusNXQAAgt9H | https://pbs.twimg.com/media/HF4DoEgasAEDwVO,,https://pbs.twimg.com/profile_images/1965030928901648384/INeqqDDl_x96.jpg
2042578070876361076,"Introducing sub-accounts.
Starting today, you can isolate your risk by using sub-accounts.",https://x.com/QFEX/status/2042578070876361076,tweet,QFEX,@qfex,3,0,4,37,3008,4,2026-04-10 15:48:56,,,https://pbs.twimg.com/profile_images/1965030928901648384/INeqqDDl_x96.jpg
2042578073040699624,"Trade now ↓
http://
qfex.com/trade
24/7 trading. 1-50x leverage.",https://x.com/QFEX/status/2042578073040699624,tweet,QFEX,@qfex,0,0,0,4,517,0,2026-04-10 15:48:56,,,https://pbs.twimg.com/profile_images/1965030928901648384/INeqqDDl_x96.jpg
2042290192191545614,"New Nasdaq equities are now live on QFEX:
Walmart
$WMT
AMD
$AMD
Micron
$MU
Broadcom
$AVGO",https://x.com/QFEX/status/2042290192191545614,tweet,QFEX,@qfex,1,0,2,10,1707,2,2026-04-09 20:45:00,,,https://pbs.twimg.com/profile_images/1965030928901648384/INeqqDDl_x96.jpg
2042235531371663488,"New NYSE equities are now live on QFEX:
ExxonMobil
$XOM
JPMorgan Chase
$JPM
Hims & Hers
$HIMS
Eli Lilly
$LLY
24/7 trading. 1-10x leverage.",https://x.com/QFEX/status/2042235531371663488,tweet,QFEX,@qfex,3,0,2,11,4841,0,2026-04-09 17:07:48,https://pbs.twimg.com/media/HFd5vw6WsAACIQL,,https://pbs.twimg.com/profile_images/1965030928901648384/INeqqDDl_x96.jpg
2040344919361855943,"""Green dot"" Saturday starting early",https://x.com/QFEX/status/2040344919361855943,tweet,QFEX,@qfex,5,0,0,20,1457,2,2026-04-04 11:55:11,https://pbs.twimg.com/media/HFDB_oYWcAAog8t,,https://pbs.twimg.com/profile_images/1965030928901648384/INeqqDDl_x96.jpg
2039658964393025944,"Top Korean equities are now live on QFEX:
→ Samsung • 005930
→ Hyundai • 005380
→ KIA • 000270
→ SK Hynix • 000660
24/7 trading. 1-10x leverage.",https://x.com/QFEX/status/2039658964393025944,tweet,QFEX,@qfex,11,0,4,33,10324,4,2026-04-02 14:29:26,https://pbs.twimg.com/media/HE5SR2iWQAAtiDl,,https://pbs.twimg.com/profile_images/1965030928901648384/INeqqDDl_x96.jpg
2039658967001948477,"Be the quant you aspire to be.
http://
qfex.com/trade/SAMSUNG-
KRW
…
Low spread.",https://x.com/QFEX/status/2039658967001948477,tweet,QFEX,@qfex,0,0,0,3,658,1,2026-04-02 14:29:27,,,https://pbs.twimg.com/profile_images/1965030928901648384/INeqqDDl_x96.jpg
2038688097672503329,"Portfolio summary is here.
→ PnL
→ Trading volume
→ Holding distribution",https://x.com/QFEX/status/2038688097672503329,tweet,QFEX,@qfex,6,0,2,25,2198,3,2026-03-30 22:11:34,https://pbs.twimg.com/media/HErdWxmbgAAPg8B,,https://pbs.twimg.com/profile_images/1965030928901648384/INeqqDDl_x96.jpg
2038688100692402185,"Be the Picasso of your portfolio
http://
qfex.com/trade
24/7 trading on QFEX.",https://x.com/QFEX/status/2038688100692402185,tweet,QFEX,@qfex,0,0,0,6,592,1,2026-03-30 22:11:34,,,https://pbs.twimg.com/profile_images/1965030928901648384/INeqqDDl_x96.jpg
2037575070717993359,"Defense is live.
Trade accordingly.
$BA
$NOC
$RTX
$LMT
$GD",https://x.com/QFEX/status/2037575070717993359,tweet,QFEX,@qfex,7,0,4,24,2467,7,2026-03-27 20:28:47,https://pbs.twimg.com/media/HEbrnWxbAAI5nDC | https://pbs.twimg.com/media/HEbrpR2bAAANL1r | https://pbs.twimg.com/media/HEbrqF7W4AAfm8r | https://pbs.twimg.com/media/HEbrrdIawAAI78V,,https://pbs.twimg.com/profile_images/1965030928901648384/INeqqDDl_x96.jpg
2037575117488742495,Trade today,https://x.com/QFEX/status/2037575117488742495,tweet,QFEX,@qfex,0,0,1,4,624,1,2026-03-27 20:28:58,,,https://pbs.twimg.com/profile_images/1965030928901648384/INeqqDDl_x96.jpg
2037153327130046871,"Korea, finally unified on one thing: trading the KOSPI.
The Dear Leader of Degen has entered the chat.",https://x.com/QFEX/status/2037153327130046871,tweet,QFEX,@qfex,4,0,3,26,6740,3,2026-03-26 16:32:56,https://pbs.twimg.com/media/HEVsFgGbEAEhmBR,,https://pbs.twimg.com/profile_images/1965030928901648384/INeqqDDl_x96.jpg
2036752531729142012,"Agentic trading live today through our CLI.
Works out of the box with
@claudeai
or Codex by
@OpenAI
.",https://x.com/QFEX/status/2036752531729142012,tweet,QFEX,@qfex,9,0,4,37,17004,12,2026-03-25 14:00:19,https://pbs.twimg.com/media/HEP-kjma8AAcL5C,,https://pbs.twimg.com/profile_images/1965030928901648384/INeqqDDl_x96.jpg
2036752534006542808,"http://
qfex.com/trade
https://
github.com/QFEX-org/cli",https://x.com/QFEX/status/2036752534006542808,tweet,QFEX,@qfex,1,0,1,6,985,6,2026-03-25 14:00:19,,,https://pbs.twimg.com/profile_images/1965030928901648384/INeqqDDl_x96.jpg
2036440456398016557,"New listings
$SNDK
$INTC
$HOOD
$CRCL",https://x.com/QFEX/status/2036440456398016557,tweet,QFEX,@qfex,5,0,4,22,2003,2,2026-03-24 17:20:14,https://pbs.twimg.com/media/HELjpCEWIAApyfQ | https://pbs.twimg.com/media/HELjpCoaIAYzKlZ | https://pbs.twimg.com/media/HELjpCjaIAQbHNa | https://pbs.twimg.com/media/HELjpCiaIAIavSg,,https://pbs.twimg.com/profile_images/1965030928901648384/INeqqDDl_x96.jpg
2036440459636039870,Trade today:,https://x.com/QFEX/status/2036440459636039870,tweet,QFEX,@qfex,0,0,0,2,591,1,2026-03-24 17:20:15,,,https://pbs.twimg.com/profile_images/1965030928901648384/INeqqDDl_x96.jpg
2036096032673608177,"By popular request, CLI support added today:
```
qfex watch bbo PLTR-USD
qfex order place --symbol PLTR-USD --side BUY --type LIMIT --tif GTC --qty 1.4
```
Follow-up coming tomorrow",https://x.com/QFEX/status/2036096032673608177,tweet,QFEX,@qfex,1,0,4,35,3320,10,2026-03-23 18:31:37,https://pbs.twimg.com/amplify_video_thumb/2036095367679262720/img/DgUtnw-9XWNW1koB.jpg | blob:https://x.com/a882bebc-d226-4a45-949b-1d925bd46824,blob:https://x.com/a882bebc-d226-4a45-949b-1d925bd46824,https://pbs.twimg.com/profile_images/1965030928901648384/INeqqDDl_x96.jpg
2034595187570221531,"US500 is now live at QFEX.
24/7/365. 1-30x leverage.",https://x.com/QFEX/status/2034595187570221531,tweet,QFEX,@qfex,11,0,2,52,10511,6,2026-03-19 15:07:48,https://pbs.twimg.com/media/HDxVOiYXYAAgVDM,,https://pbs.twimg.com/profile_images/1965030928901648384/INeqqDDl_x96.jpg
2034595190476792271,"You've got to hedge it somewhere.
http://
qfex.com/trade/US500-USD",https://x.com/QFEX/status/2034595190476792271,tweet,QFEX,@qfex,0,0,1,6,1180,0,2026-03-19 15:07:49,,,https://pbs.twimg.com/profile_images/1965030928901648384/INeqqDDl_x96.jpg
2033891496512872554,"Introducing Product Historical Data.
Product:
→ Basis (Mark vs Underlier Price)
→ Funding Rate
→ Open Interest
Behavioral:
→ Long/Short Holder Ratio
→ Taker Volume",https://x.com/QFEX/status/2033891496512872554,tweet,QFEX,@qfex,5,0,6,34,2297,6,2026-03-17 16:31:35,https://pbs.twimg.com/media/HDnUxtlXMAAHXVv,,https://pbs.twimg.com/profile_images/1965030928901648384/INeqqDDl_x96.jpg
2033891499289596198,"“Study the past if you’d divine the future.”
— Confucius
http://
qfex.com/trade
Trade 24/7, 365 on QFEX.",https://x.com/QFEX/status/2033891499289596198,tweet,QFEX,@qfex,2,0,1,9,831,1,2026-03-17 16:31:35,,,https://pbs.twimg.com/profile_images/1965030928901648384/INeqqDDl_x96.jpg
2033628202455740607,"NATGAS, a new listing is now live.
24/7, 365. Up to 20x leverage.",https://x.com/QFEX/status/2033628202455740607,tweet,QFEX,@qfex,3,0,5,25,3015,8,2026-03-16 23:05:21,https://pbs.twimg.com/media/HDjlt7sbEAADGIH,,https://pbs.twimg.com/profile_images/1965030928901648384/INeqqDDl_x96.jpg
2033628206318674298,"Front-run the Citadel quants on the weekend ↓
http://
qfex.com/trade/NATGAS-U
SD
…
Legal stuff: Our platform does not constitute investment, legal, tax or other advice nor is it to be relied upon in making an investment decision. Front-run was a joke, please don't sue me. NFA.",https://x.com/QFEX/status/2033628206318674298,tweet,QFEX,@qfex,0,0,0,6,760,1,2026-03-16 23:05:22,,,https://pbs.twimg.com/profile_images/1965030928901648384/INeqqDDl_x96.jpg
2032489023868997816,"[QFEX] FUNDING TO BE PAID BASED ON AI VIBES.
MATCHING ENGINE MIGRATED TO CLAUDE-OPUS.
Now that we are an AI company, can we get a $1.5bn valuation?",https://x.com/QFEX/status/2032489023868997816,tweet,QFEX,@qfex,4,0,4,27,3004,5,2026-03-13 19:38:39,,,https://pbs.twimg.com/profile_images/1965030928901648384/INeqqDDl_x96.jpg
2032174294214590621,"Crude Oil
$CL
is now live.
20x leverage. 24/7, 365.",https://x.com/QFEX/status/2032174294214590621,tweet,QFEX,@qfex,5,0,2,42,2779,8,2026-03-12 22:48:02,https://pbs.twimg.com/media/HDO7dqWWoAAsu8K,,https://pbs.twimg.com/profile_images/1965030928901648384/INeqqDDl_x96.jpg
2032174296630431783,"Hormuz¹ is closed, but QFEX is open ↓
http://
qfex.com/trade/CL-USD
¹Strait of Hormuz: A strategic maritime chokepoint handling 20% of global oil consumption.",https://x.com/QFEX/status/2032174296630431783,tweet,QFEX,@qfex,2,0,2,17,1897,3,2026-03-12 22:48:02,,,https://pbs.twimg.com/profile_images/1965030928901648384/INeqqDDl_x96.jpg
2031006541898252351,"TWAP orders are live.
Automate your entries, lower your risk, and stop worrying about manual laddering.",https://x.com/QFEX/status/2031006541898252351,tweet,QFEX,@qfex,7,0,6,51,2748,2,2026-03-09 17:27:48,https://pbs.twimg.com/amplify_video_thumb/2031003959863779328/img/f07ry9SLqUkFQcCk.jpg | blob:https://x.com/04cddb12-f535-4af6-bba1-7f38f259e28f,blob:https://x.com/04cddb12-f535-4af6-bba1-7f38f259e28f,https://pbs.twimg.com/profile_images/1965030928901648384/INeqqDDl_x96.jpg
2031010345293164616,"Lower your risk today ↓
http://
qfex.com/trade
24/7, 365, up to 50x leverage on QFEX.",https://x.com/QFEX/status/2031010345293164616,tweet,QFEX,@qfex,0,0,0,5,1100,0,2026-03-09 17:42:55,,,https://pbs.twimg.com/profile_images/1965030928901648384/INeqqDDl_x96.jpg
2029492127063761186,"Finally, thank you to
@grice_maisie
for covering our news !",https://x.com/QFEX/status/2029492127063761186,tweet,QFEX,@qfex,7,0,13,89,12791,14,2026-03-05 13:10:03,,,https://pbs.twimg.com/profile_images/1965030928901648384/INeqqDDl_x96.jpg
2029491597507744184,"5/ Trading is in our core DNA.
Our team hails from
@Citadel
,
@jumptrading
,
@OptiverGlobal
,
@JaneStreetGroup
, Tower Research Capital and
@FlowTraders
.",https://x.com/QFEX/status/2029491597507744184,tweet,QFEX,@qfex,2,0,1,27,4861,2,2026-03-05 13:07:57,,,https://pbs.twimg.com/profile_images/1965030928901648384/INeqqDDl_x96.jpg
2029491599193825298,Trade today:,https://x.com/QFEX/status/2029491599193825298,tweet,QFEX,@qfex,1,0,0,26,4283,4,2026-03-05 13:07:58,,,https://pbs.twimg.com/profile_images/1965030928901648384/INeqqDDl_x96.jpg
2027665090925773218,"The world moves on weekends.
Traditional markets don't.",https://x.com/QFEX/status/2027665090925773218,tweet,QFEX,@qfex,1,0,5,27,2788,3,2026-02-28 12:10:04,https://pbs.twimg.com/media/HCO2LtIbIAArCeo,,https://pbs.twimg.com/profile_images/1965030928901648384/INeqqDDl_x96.jpg
2027665093983350913,"Trade
$GOLD
and $SILVER now ↓
http://
qfex.com/trade
24/7, 365, up to 30x leverage on QFEX.",https://x.com/QFEX/status/2027665093983350913,tweet,QFEX,@qfex,1,0,0,11,1515,3,2026-02-28 12:10:05,,,https://pbs.twimg.com/profile_images/1965030928901648384/INeqqDDl_x96.jpg
2027437497085522184,"Introducing hotkeys.
Press <Key>ENTER</Key> to place an order.",https://x.com/QFEX/status/2027437497085522184,tweet,QFEX,@qfex,3,0,3,19,1572,0,2026-02-27 21:05:41,https://pbs.twimg.com/media/HCLiOLyaEAAnu4K,,https://pbs.twimg.com/profile_images/1965030928901648384/INeqqDDl_x96.jpg
2027437500289954088,"Trade at the speed of thought ↓
https://
qfex.com/trade
Stay tuned for Monday.",https://x.com/QFEX/status/2027437500289954088,tweet,QFEX,@qfex,0,0,0,6,1017,0,2026-02-27 21:05:42,,,https://pbs.twimg.com/profile_images/1965030928901648384/INeqqDDl_x96.jpg
2027007055966408920,"New landing page...
Big update coming Monday",https://x.com/QFEX/status/2027007055966408920,tweet,QFEX,@qfex,5,0,6,29,4982,1,2026-02-26 16:35:16,https://pbs.twimg.com/media/HCFfyl8X0AA89Y-,,https://pbs.twimg.com/profile_images/1965030928901648384/INeqqDDl_x96.jpg
2024132013020622916,"$ 1 0 , 0 0 0 , 0 0 0
Trade equities with leverage on QFEX.",https://x.com/QFEX/status/2024132013020622916,tweet,QFEX,@qfex,1,0,12,38,3581,3,2026-02-18 18:10:53,https://pbs.twimg.com/amplify_video_thumb/2024131174893805568/img/DeIXyYn1odxE3v7F.jpg | blob:https://x.com/37b0f090-6100-4875-bdad-3e6fe1d63f20,blob:https://x.com/37b0f090-6100-4875-bdad-3e6fe1d63f20,https://pbs.twimg.com/profile_images/1965030928901648384/INeqqDDl_x96.jpg
2021257959062335871,"As requested, we have added partial close on positions.
Now live on QFEX.",https://x.com/QFEX/status/2021257959062335871,tweet,QFEX,@qfex,4,0,5,12,1414,0,2026-02-10 19:50:25,https://pbs.twimg.com/amplify_video_thumb/2021257538310692864/img/HpDq20OFqDQwhV5s.jpg | blob:https://x.com/e2dcf335-66a1-481e-9452-07ec075c5bf7,blob:https://x.com/e2dcf335-66a1-481e-9452-07ec075c5bf7,https://pbs.twimg.com/profile_images/1965030928901648384/INeqqDDl_x96.jpg
2016252864063066540,"We just shipped reduce-only orders.
Try it out now @
http://
qfex.com",https://x.com/QFEX/status/2016252864063066540,tweet,QFEX,@qfex,3,0,7,20,2204,1,2026-01-28 00:21:57,https://pbs.twimg.com/amplify_video_thumb/2016252383991390208/img/9jrQex3mymloxkMW.jpg | blob:https://x.com/c025b1ca-668d-469d-af51-2e9a855d8b09,blob:https://x.com/c025b1ca-668d-469d-af51-2e9a855d8b09,https://pbs.twimg.com/profile_images/1965030928901648384/INeqqDDl_x96.jpg
2016250976819114330,"Scale orders are live on QFEX.
What do you want to see next?",https://x.com/QFEX/status/2016250976819114330,tweet,QFEX,@qfex,1,0,26,16,1756,1,2026-01-28 00:14:27,https://pbs.twimg.com/amplify_video_thumb/2016250754151874560/img/rfK712NmhQ7t7AZV.jpg | blob:https://x.com/f83ccccc-94c7-47bc-b365-4f0e6e288f6e,blob:https://x.com/f83ccccc-94c7-47bc-b365-4f0e6e288f6e,https://pbs.twimg.com/profile_images/1965030928901648384/INeqqDDl_x96.jpg
2012178589702070537,Fiat deposits + withdrawals enabled at QFEX.,https://x.com/QFEX/status/2012178589702070537,tweet,QFEX,@qfex,10,0,27,29,5325,3,2026-01-16 18:32:14,https://pbs.twimg.com/amplify_video_thumb/2012177857225588736/img/jKGL0uc1201R708B.jpg | blob:https://x.com/3152ffeb-7b13-41ea-a17e-9d50e1653ade,blob:https://x.com/3152ffeb-7b13-41ea-a17e-9d50e1653ade,https://pbs.twimg.com/profile_images/1965030928901648384/INeqqDDl_x96.jpg
2008941568175009920,"New assets listed on QFEX
Equities: TSLA, META, PLTR, RKLB and CRWV
Commodities: Silver and Uranium
Forex: EUR/USD
Like FTX, with 0 crime.",https://x.com/QFEX/status/2008941568175009920,tweet,QFEX,@qfex,14,0,30,49,12285,4,2026-01-07 20:09:28,,,
1996552090899161404,"Today, we just brought 24/7, high leverage perps trading for traditional assets to our earliest users and backers.
Yet to come: more products, more leverage, more liquidity.
How markets should be.
Join our waitlist -
http://
qfex.com/waitlist.",https://x.com/QFEX/status/1996552090899161404,tweet,QFEX,@qfex,7,0,32,67,22109,31,2025-12-04 15:38:07,,,https://pbs.twimg.com/profile_images/1965030928901648384/INeqqDDl_x96.jpg
1994505674894504230,Updated docs just dropped,https://x.com/QFEX/status/1994505674894504230,tweet,QFEX,@qfex,10,0,30,32,8037,9,2025-11-29 00:06:23,,,https://pbs.twimg.com/profile_images/1965030928901648384/INeqqDDl_x96.jpg
1976239585060630625,New podcast episode coming,https://x.com/QFEX/status/1976239585060630625,tweet,QFEX,@qfex,1,0,27,17,9607,2,2025-10-09 14:23:28,,,https://pbs.twimg.com/profile_images/1965030928901648384/INeqqDDl_x96.jpg
1971532294218469731,"We'll be at TOKEN2049 in Singapore.
Reach out if you'd like to chat",https://x.com/QFEX/status/1971532294218469731,tweet,QFEX,@qfex,3,0,27,13,3833,1,2025-09-26 14:38:22,,,https://pbs.twimg.com/profile_images/1965030928901648384/INeqqDDl_x96.jpg
1970474719129530600,"b) Trade/ Exotic/ Commodities Focus
•
@ostium
:
@arbitrum
perp DEX that embraces RWAs (indices, FX, commodities and event markets). Dual-vault liquidity and an imbalance score keep spreads honest
•
@qfex
: 24/7 perps on US stocks, indices, FX, commodities
• Extended (fka X10):
@Starknet
-settled CLOB with orders such as TWAP, scaled ladders, OCO by default.
@PragmaOracle
(TradFi) +
@StorkOracle
(crypto) oracles, staged liqs, insurance, ADL
•
@grvt_io
:
@zksync
-stack exchange that combines CLOB perps with a privacy-preserving L2. The long game: options, spot, RWAs, unified margin; composable, but private by default
•
@variational_io
(Omni): RFQ, not order-book; vertically integrated market maker (OLP) quotes; zero trading fees; spread P&L flows to the OLP vault and depositors
Risks
• Regulatory relaxations: The arb window can close. Jurisdictions can blur the line between “DEX” and “venue”
• CEXes launching their own perp DEX: claw back market share from the current players while still contributing to the exchange’s bottom line
*Note: excluded the likes of dYdX, GMX and Orderly to focus on relatively new and upcoming Perp DEXes",https://x.com/ahboyash/status/1970474719129530600,retweet,Ash,@ahboyash,3,0,10,50,13212,43,2025-09-23 16:35:57,https://pbs.twimg.com/media/G1iISHWaoAA2pdA,,https://pbs.twimg.com/profile_images/1627195541150105600/S5PBXAw1_x96.jpg
1968975604138561576,"Thanks to everyone for coming to our event last night in Monument.
We had a really great time hosting and talking to traders.",https://x.com/QFEX/status/1968975604138561576,tweet,QFEX,@qfex,1,0,26,10,2833,1,2025-09-19 13:19:00,https://pbs.twimg.com/media/G1MzjMeXIAEWzVJ | https://pbs.twimg.com/media/G1MzkWTXcAAYddF,,https://pbs.twimg.com/profile_images/1965030928901648384/INeqqDDl_x96.jpg
1966571449662968210,Do it for the love of the game.,https://x.com/QFEX/status/1966571449662968210,tweet,QFEX,@qfex,2,0,36,21,3142,4,2025-09-12 22:05:45,https://pbs.twimg.com/amplify_video_thumb/1966571032988278784/img/9B5Z_jF_gDB1h0ni.jpg | blob:https://x.com/074d4842-6cc1-46ad-b50f-21d143ffc1df,blob:https://x.com/074d4842-6cc1-46ad-b50f-21d143ffc1df,https://pbs.twimg.com/profile_images/1965030928901648384/INeqqDDl_x96.jpg
1966192492950515749,"we know your dopamine receptors are fried so we made this
http://
qfex.com/waitlist",https://x.com/QFEX/status/1966192492950515749,tweet,QFEX,@qfex,5,0,4,35,7086,6,2025-09-11 20:59:55,https://pbs.twimg.com/amplify_video_thumb/1966191720447541248/img/pHNE91L5gNk1IUAk.jpg | https://pbs.twimg.com/amplify_video_thumb/1965790597966340096/img/qXafBEohBjWJwqsn | blob:https://x.com/edb075c4-e07d-4bff-b172-448ed7252b85,blob:https://x.com/edb075c4-e07d-4bff-b172-448ed7252b85,https://pbs.twimg.com/profile_images/1965030928901648384/INeqqDDl_x96.jpg
1965792436455678316,"A message from our CEO, Annanay Kapila
@annanay
QFEX is the first 24/7 no-broker trading exchange for equities, commodities, and FX. On QFEX, traders have direct access to markets, thereby removing the need for costly and manipulative brokers. Futures on traditional exchanges have fixed expiries and settle at maturity. Our futures never expire. We leverage perpetual futures, or perps: contracts without expiration that use funding payments to stay in line with the spot market. QFEX is built by traders with traders in mind. Our team comprises of quants from Citadel, Jump, Tower, Barclays, and Flow. We're building the ultimate trading platform, bringing fairer markets to CFD traders, deeper liquidity to crypto traders, and perps to professional traders. The future of futures is QFEX.
QFEX will go live to the public in Q4 2025. Sign up for our waitlist now to get early access. Users will also receive volume-based referral rewards.
http://
qfex.com/waitlist
TLDR;
• Seamless 24/7 trading
• Direct access: no brokers, no manipulation
• Perpetual futures on traditional assets
• Up to 30x leverage",https://x.com/QFEX/status/1965792436455678316,tweet,QFEX,@qfex,21,0,22,94,46126,21,2025-09-10 18:30:14,https://pbs.twimg.com/amplify_video_thumb/1965790597966340096/img/qXafBEohBjWJwqsn.jpg | blob:https://x.com/88920cd5-390f-43bc-b630-5b040f1ebfe5,blob:https://x.com/88920cd5-390f-43bc-b630-5b040f1ebfe5,https://pbs.twimg.com/profile_images/1965030928901648384/INeqqDDl_x96.jpg
1965130413837349066,"Perps for the People
Institutions have been trading perps long before crypto existed - through swaps.
In fact, you might own swaps yourself - many ETFs are just a wrapper for them, instead of the underlying basket of stocks (“synthetic replication”). The market for swaps is mind-bogglingly massive, but its off-exchange nature has many problems:
> heightened counterparty risk
> fragmented liquidity
> uncompetitive pricing
to name a few.
Crypto markets solved these problems years ago with perpetual futures. Let’s examine how perps on traditional assets revolutionize finance for both institutions and retail.
1/",https://x.com/annanay/status/1965130413837349066,retweet,ak0,@annanay,3,0,6,26,3939,18,2025-09-08 22:39:35,https://pbs.twimg.com/media/G0WA-KrXYAAUy0Z,,https://pbs.twimg.com/profile_images/1473414567531274252/LBU9RDLG_x96.jpg
1963443735192387923,"ICM has found PMF while tokenized equities have not because it actually offers something novel
liquid markets for seed/series A companies -> didn’t exist
liquid markets for equities -> does exsist
this will be true until
@qfex
or someone lets me 25x long RIVN",https://x.com/Ronangmi/status/1963443735192387923,retweet,Ronan,@ronangmi,6,0,1,16,3120,2,2025-09-04 06:57:20,https://pbs.twimg.com/media/Gz9ste9bkAAyss3 | https://pbs.twimg.com/media/Gz9s0MHawAAviIF,,https://pbs.twimg.com/profile_images/2003550462314942464/EMiXNfNC_x96.jpg
1961035847085801612,"> Inflation Data (CPI, PCE): Consumer and producer prices, respectively, measure the Fed's ability to keep prices stable. Higher-than-expected inflation can signal a need for rate hikes.
> GDP (Gross Domestic Product): GDP indicates the overall health and growth trajectory of the economy, influencing the Fed's assessment of economic strength and potential policy responses.
> Retail Sales, Industrial Production and Consumer Confidence: Consumer spending is a huge part of U.S. GDP - these indicators provide key insights into overall economic sentiment.
3/",https://x.com/QFEX/status/1961035847085801612,tweet,QFEX,@qfex,0,0,0,8,530,0,2025-08-28 15:29:14,,,https://pbs.twimg.com/profile_images/1965030928901648384/INeqqDDl_x96.jpg
1960674246935326736,"What is the Fed?
The Federal Reserve is the central bank of the United States, established as a direct response to a series of financial panics in the early 1900s:
the nation’s first set of diamond hands.
And just like our favorite group of diamond hands, the Fed has moderators: the “Federal Open Market Committee” or FOMC. They ensure the delivery of the ""dual mandate” of maximum employment and price stability:
2/",https://x.com/QFEX/status/1960674246935326736,tweet,QFEX,@qfex,1,0,0,9,494,2,2025-08-27 15:32:22,https://pbs.twimg.com/media/GzWvHt1XgAApmW8,,https://pbs.twimg.com/profile_images/1965030928901648384/INeqqDDl_x96.jpg
1960674249112207690,"1. Maximum employment means getting as many people employed as possible. Too many people in jobs makes salaries go up though, which can mess with price stability.
2. Price stability means targeting a 2% increase in the cost of living to the ‘average’ person, year on year. If you’ve heard of CPI, it's just measuring this with a ‘representative basket’ of goods, which apparently includes “fresh cakes and cupcakes”, “synthetic wigs” and golf club memberships…
Traders watch the Fed’s performance to assess what the Fed is likely to do next - more on that later.
3/",https://x.com/QFEX/status/1960674249112207690,tweet,QFEX,@qfex,0,0,0,7,433,1,2025-08-27 15:32:23,https://pbs.twimg.com/media/GzWvX6UWQAAu-ya,,https://pbs.twimg.com/profile_images/1965030928901648384/INeqqDDl_x96.jpg
1923438296673255519,gnarg,https://x.com/ycombinator/status/1923438296673255519,retweet,Y Combinator,@ycombinator,10,0,20,119,25907,34,2025-05-16 21:30:00,https://pbs.twimg.com/amplify_video_thumb/1923381561610907648/img/RGD0naTWMBhq6r-K.jpg | blob:https://x.com/23781115-3cdf-419c-b172-78bbfb2aa507,blob:https://x.com/23781115-3cdf-419c-b172-78bbfb2aa507,https://pbs.twimg.com/profile_images/1623777064821358592/9CApQWXe_x96.png
1922048570565280138,"Special thank you to our YC partners
@koomen
@t_blom
@garrytan
for their support and advice over the last few weeks. Watch this space for more!",https://x.com/QFEX/status/1922048570565280138,tweet,QFEX,@qfex,3,0,3,18,1703,2,2025-05-13 01:27:43,,,https://pbs.twimg.com/profile_images/1965030928901648384/INeqqDDl_x96.jpg
1922048552194256905,"QFEX (YC X25) is excited to announce our mission to the world - building the world's first 24/7, direct access exchange on US equities, commodities and FX!
Find out more from our official YC launch:",https://x.com/QFEX/status/1922048552194256905,tweet,QFEX,@qfex,3,0,4,26,1693,0,2025-05-13 01:27:39,,,https://pbs.twimg.com/profile_images/1965030928901648384/INeqqDDl_x96.jpg